id,name,iso2,geoname,lat,lon,tags,popularity,daysMin,daysIdeal,daysMax,costFactor,longStay,blurb
tirana,Tirana,AL,Tirana,,,city;food;nightlife,4,1,2,4,1.0,0,"Colourful, chaotic capital with great cafés and the Bunk'Art museums"
shkoder,Shkodër,AL,Shkodër,,,culture;nature,3,1,2,3,0.9,0,"Lakeside town and the gateway to the Albanian Alps"
theth,Theth,AL,Theth,42.395,19.775,nature;hiking,4,2,3,5,1.0,0,"Remote mountain village; start of the Theth–Valbona hike"
berat,Berat,AL,Berat,,,culture;history,4,1,2,3,0.9,0,"'City of a thousand windows', a UNESCO Ottoman town"
gjirokaster,Gjirokastër,AL,Gjirokastër,,,culture;history,4,1,2,3,0.9,0,"Stone-roofed UNESCO town with a hilltop castle"
sarande,Sarandë,AL,Sarandë,,,beach,4,2,3,6,1.1,0,"Albanian Riviera base near Ksamil beaches and Butrint"
kotor,Kotor,ME,Kotor,,,history;nature;hiking;beach,5,2,3,5,1.3,0,"Walled town at the end of a dramatic fjord-like bay"
budva,Budva,ME,Budva,,,beach;nightlife,3,1,2,4,1.2,0,"Montenegro's party and beach town"
podgorica,Podgorica,ME,Podgorica,,,city,2,0.5,1,2,0.9,0,"Low-key capital and transport hub"
zabljak,Žabljak,ME,Žabljak,,,nature;hiking,4,2,3,5,1.0,0,"Base for Durmitor National Park and the Tara canyon"
sarajevo,Sarajevo,BA,Sarajevo,,,history;culture;food,5,2,3,5,1.0,0,"Where East meets West: Ottoman bazaar, Austro-Hungarian streets, recent history"
mostar,Mostar,BA,Mostar,,,history;culture,5,1,2,3,1.0,0,"Famous Old Bridge over the emerald Neretva"
belgrade,Belgrade,RS,Belgrade,,,city;nightlife;food;history,5,2,4,7,1.0,1,"Big, energetic capital with legendary nightlife"
novisad,Novi Sad,RS,Novi Sad,,,culture;nightlife,4,1,2,4,0.9,0,"Relaxed Danube city with the Petrovaradin fortress"
nis,Niš,RS,Niš,,,history,2,1,1,2,0.8,0,"Southern Serbian city, useful stop towards Sofia or Skopje"
pristina,Pristina,XK,Pristina,,,city;culture,3,1,2,3,0.9,0,"Young, café-filled capital"
prizren,Prizren,XK,Prizren,,,history;culture,4,1,2,4,0.9,0,"Kosovo's prettiest town, Ottoman mosques and a riverside old town"
peja,Peja,XK,Peja,,,nature;hiking,3,1,2,4,0.85,0,"Base for the Rugova Gorge and Accursed Mountains"
skopje,Skopje,MK,Skopje,,,city;history,4,1,2,4,0.9,0,"Statue-filled capital with a big Ottoman bazaar"
ohrid,Ohrid,MK,Ohrid,,,history;nature;beach,5,2,3,6,1.0,0,"Lakeside UNESCO town with Byzantine churches"
dubrovnik,Dubrovnik,HR,Dubrovnik,,,history;beach,5,2,3,4,1.7,0,"Iconic walled city on the Adriatic; expensive and crowded in summer"
split,Split,HR,Split,,,beach;history;nightlife,5,2,3,6,1.4,0,"Lively city built into Diocletian's Palace; ferries to the islands"
zadar,Zadar,HR,Zadar,,,beach;history,4,1,2,4,1.2,0,"Sea organ, sunsets and access to Plitvice and Krka"
zagreb,Zagreb,HR,Zagreb,,,city;culture;food,4,1,2,4,1.0,1,"Easy-going capital with cafés and quirky museums"
ljubljana,Ljubljana,SI,Ljubljana,,,city;culture;food,5,2,3,5,1.1,0,"Small, green, car-free riverside capital"
bled,Bled,SI,Bled,,,nature;hiking,5,1,2,4,1.3,0,"Lake with an island church, gateway to the Julian Alps"
thessaloniki,Thessaloniki,GR,Thessaloniki,,,food;history;city;nightlife,4,2,3,5,1.0,0,"Greece's food capital with Byzantine and Ottoman layers"
athens,Athens,GR,Athens,,,history;culture;food;city,5,2,4,7,1.15,1,"The Acropolis and a buzzing, gritty modern city"
sofia,Sofia,BG,Sofia,,,city;history;hiking,4,2,3,5,1.0,1,"Affordable capital at the foot of Vitosha mountain"
plovdiv,Plovdiv,BG,Plovdiv,,,history;culture,4,1,2,4,0.9,0,"One of Europe's oldest cities, with a Roman theatre and an arty quarter"
velikotarnovo,Veliko Tarnovo,BG,Veliko Tarnovo,,,history,4,1,2,3,0.85,0,"Medieval capital draped over a river gorge"
varna,Varna,BG,Varna,,,beach;nightlife,3,2,3,5,1.0,0,"Black Sea beach city"
bucharest,Bucharest,RO,Bucharest,,,city;nightlife;history,4,2,3,5,1.0,1,"Big, lively capital with communist-era monuments"
brasov,Brașov,RO,Brașov,,,history;nature;hiking,5,2,3,5,1.0,0,"Transylvanian base for castles and the Carpathians"
sighisoara,Sighișoara,RO,Sighișoara,,,history,4,1,1,2,1.0,0,"Fairy-tale medieval citadel"
sibiu,Sibiu,RO,Sibiu,,,history;culture,4,1,2,4,1.0,0,"Saxon town with 'eyes' on its rooftops"
cluj,Cluj-Napoca,RO,Cluj-Napoca,,,city;nightlife;culture,4,2,3,5,1.0,1,"Student city and Transylvania's tech hub"
chisinau,Chișinău,MD,Chisinau,,,city;food,3,1,2,4,0.9,0,"Leafy capital and gateway to Moldova's wineries"
budapest,Budapest,HU,Budapest,,,city;history;nightlife;food;culture,5,3,4,7,1.1,1,"Thermal baths, ruin bars and the Danube"
eger,Eger,HU,Eger,,,history;food,3,1,1,2,0.9,0,"Baroque town famous for wine and its castle"
bratislava,Bratislava,SK,Bratislava,,,city;history,4,1,2,3,1.05,0,"Compact old town on the Danube"
kosice,Košice,SK,Košice,,,history;culture,3,1,2,3,0.9,0,"Eastern Slovakia's handsome second city"
poprad,Poprad,SK,Poprad,,,nature;hiking,4,2,3,6,1.0,0,"Base for the High Tatras"
prague,Prague,CZ,Prague,,,city;history;culture;nightlife,5,3,4,6,1.2,1,"Gothic spires, cheap beer and big crowds"
ceskykrumlov,Český Krumlov,CZ,Český Krumlov,,,history,4,1,1,2,1.1,0,"Postcard-perfect town on a river bend"
brno,Brno,CZ,Brno,,,city;nightlife;food,3,1,2,4,0.95,0,"Student city with great bars and few tourists"
krakow,Kraków,PL,Kraków,,,history;culture;food;nightlife,5,3,5,10,1.0,1,"Poland's cultural capital; day trips to Auschwitz and the salt mine"
warsaw,Warsaw,PL,Warsaw,,,city;history;culture;food,5,2,3,6,1.05,1,"Rebuilt old town, great museums and a modern skyline"
gdansk,Gdańsk,PL,Gdańsk,,,history;beach;food,5,2,3,6,1.05,1,"Hanseatic port on the Baltic"
wroclaw,Wrocław,PL,Wrocław,,,city;culture;nightlife,5,2,3,5,1.0,1,"Islands, bridges and hundreds of tiny dwarf statues"
zakopane,Zakopane,PL,Zakopane,,,nature;hiking,4,2,3,6,1.05,0,"Mountain resort in the Polish Tatras"
poznan,Poznań,PL,Poznań,,,city;culture,3,1,2,4,0.95,0,"Colourful market square and a big student scene"
torun,Toruń,PL,Toruń,,,history,3,1,2,3,0.9,0,"Gothic old town and gingerbread"
vilnius,Vilnius,LT,Vilnius,,,history;culture;food,5,2,3,6,1.0,1,"Baroque old town and the self-declared Republic of Užupis"
kaunas,Kaunas,LT,Kaunas,,,culture;history,3,1,2,3,0.9,0,"Interwar modernist architecture and street art"
klaipeda,Klaipėda,LT,Klaipėda,,,beach;nature,3,2,3,5,1.0,0,"Gateway to the Curonian Spit dunes"
riga,Riga,LV,Riga,,,history;city;nightlife;food,5,2,3,6,1.05,1,"Art Nouveau capital with a huge central market"
sigulda,Sigulda,LV,Sigulda,,,nature;hiking,3,1,1,3,0.95,0,"Gauja valley castles and forest trails"
tallinn,Tallinn,EE,Tallinn,,,history;city;food,5,2,3,6,1.15,1,"Medieval old town and a digital-first modern city"
tartu,Tartu,EE,Tartu,,,culture;nightlife,3,1,2,3,0.95,0,"University town with a young crowd"
parnu,Pärnu,EE,Pärnu,,,beach,3,1,2,4,1.0,0,"Estonia's summer beach capital"
stpetersburg,Saint Petersburg,RU,Saint Petersburg,,,history;culture;city,5,3,5,8,1.2,1,"Imperial palaces, the Hermitage and White Nights in early summer"
moscow,Moscow,RU,Moscow,,,city;history;culture,5,3,4,7,1.3,1,"Red Square, grand metro stations and a huge city"
pskov,Pskov,RU,Pskov,,,history,3,1,2,3,0.85,0,"Ancient kremlin town near the Estonian border"
velikynovgorod,Veliky Novgorod,RU,Velikiy Novgorod,,,history,3,1,1,2,0.85,0,"One of Russia's oldest cities"
kazan,Kazan,RU,Kazan,,,history;culture;food,4,2,3,5,1.0,0,"Tatar capital where mosques and churches share a kremlin"
lviv,Lviv,UA,Lviv,,,history;culture;food,4,2,3,5,1.0,0,"Coffee houses and a well-preserved old town"
kyiv,Kyiv,UA,Kyiv,,,city;history,4,2,3,5,1.1,0,"Golden-domed capital"
minsk,Minsk,BY,Minsk,,,city,3,1,2,4,1.0,0,"Soviet-era showcase capital"
taipei,Taipei,TW,Taipei,,,city;food;culture;nightlife,5,3,4,7,1.1,1,"Night markets, temples and a spotless metro, with hot springs and hikes on the edge of town"
taichung,Taichung,TW,Taichung,,,city;food;culture,3,1,2,3,1.0,0,"Laid-back city of cafés and creative parks; gateway to Sun Moon Lake"
tainan,Tainan,TW,Tainan,,,history;food;culture,4,2,3,4,0.95,0,"Taiwan's old capital and its best street-food city"
kaohsiung,Kaohsiung,TW,Kaohsiung,,,city;food;beach,4,2,3,4,0.95,0,"Harbour city with art districts and easy trips to Kenting"
hualien,Hualien,TW,Hualien,,,nature;hiking;beach,4,2,3,4,1.0,0,"Base for the marble cliffs of Taroko Gorge and the east coast"
tokyo,Tokyo,JP,Tokyo,,,city;food;culture;nightlife,5,3,5,8,1.3,1,"Huge, safe and endlessly varied: neon nights, quiet shrines and the world's best food"
hakone,Hakone,JP,Hakone,,,nature;hiking,4,1,2,3,1.4,0,"Hot springs, lake cruises and views of Mount Fuji"
kyoto,Kyoto,JP,Kyoto,,,history;culture;food,5,3,4,6,1.25,0,"Temples, gardens and geisha streets of Japan's old capital"
nara,Nara,JP,Nara,,,history;culture,4,1,1,2,1.1,0,"Giant Buddha and friendly deer; easy day trip from Kyoto or Osaka"
osaka,Osaka,JP,Osaka,,,city;food;nightlife,5,2,3,5,1.15,1,"Japan's kitchen: street food, nightlife and a castle"
hiroshima,Hiroshima,JP,Hiroshima,,,history;culture,4,1,2,3,1.05,0,"Peace Memorial and the floating torii gate of Miyajima"
kanazawa,Kanazawa,JP,Kanazawa,,,history;culture;food,4,1,2,3,1.05,0,"Samurai and geisha districts and one of Japan's great gardens"
takayama,Takayama,JP,Takayama,,,history;nature,4,1,2,3,1.05,0,"Old merchant town in the Japanese Alps, near Shirakawa-go"
fukuoka,Fukuoka,JP,Fukuoka,,,city;food;nightlife,4,2,3,4,1.0,1,"Easy-going city famous for ramen and riverside food stalls"
sapporo,Sapporo,JP,Sapporo,,,city;food;nature,4,2,3,5,1.05,0,"Hokkaido's capital: cool summers, snow festival and seafood"
bangkok,Bangkok,TH,Bangkok,,,city;food;nightlife;culture,5,3,4,7,1.1,1,"Temples, rooftop bars and some of the world's best street food"
ayutthaya,Ayutthaya,TH,Ayutthaya,,,history,4,1,1,2,0.9,0,"Ruined temples of the old Siamese capital"
kanchanaburi,Kanchanaburi,TH,Kanchanaburi,,,history;nature,3,1,2,4,0.85,0,"Bridge on the River Kwai, waterfalls and jungle"
chiangmai,Chiang Mai,TH,Chiang Mai,,,culture;food;nature;hiking,5,3,5,10,0.95,1,"Old walled city full of temples, cafés and cooking schools"
pai,Pai,TH,Pai,19.3583,98.4400,nature;nightlife,4,2,3,7,0.9,0,"Backpacker valley town with hot springs and canyons"
chiangrai,Chiang Rai,TH,Chiang Rai,,,culture;nature,3,1,2,3,0.85,0,"White and Blue temples and the Golden Triangle"
krabi,Krabi,TH,Krabi,,,beach;nature,5,2,4,7,1.1,0,"Limestone cliffs, Railay beach and island hopping"
phuket,Phuket,TH,Phuket,,,beach;nightlife,4,2,3,6,1.25,0,"Thailand's biggest island: beaches, diving and nightlife"
kohsamui,Koh Samui,TH,Ko Samui,9.535,99.936,beach,4,2,4,7,1.3,0,"Palm-fringed island, next to Koh Phangan and Koh Tao"
hanoi,Hanoi,VN,Hanoi,,,city;food;culture;history,5,2,3,5,0.95,1,"Chaotic old quarter, street food and French colonial streets"
sapa,Sa Pa,VN,Sa Pa,22.3364,103.8438,nature;hiking,4,2,3,5,0.9,0,"Rice terraces and trekking to hill-tribe villages"
halong,Ha Long,VN,Ha Long,,,nature,4,1,2,3,1.0,0,"Base for cruises among the limestone islands of Ha Long Bay"
ninhbinh,Ninh Binh,VN,Ninh Binh,,,nature,4,2,2,4,0.85,0,"'Ha Long Bay on land': boat trips through karst valleys"
hue,Hue,VN,Hue,,,history;culture;food,4,1,2,3,0.85,0,"Imperial citadel and royal tombs on the Perfume River"
hoian,Hoi An,VN,Hoi An,,,history;food;beach,5,2,3,6,0.95,0,"Lantern-lit old town, tailors and beaches nearby"
danang,Da Nang,VN,Da Nang,,,city;beach,3,1,2,4,0.95,1,"Modern beach city between Hue and Hoi An"
dalat,Da Lat,VN,Da Lat,,,nature;hiking,3,2,3,4,0.85,0,"Cool highland town of pine forests, coffee and waterfalls"
hcmc,Ho Chi Minh City,VN,Ho Chi Minh City,,,city;food;nightlife;history,5,2,3,5,1.0,1,"Saigon: buzzing, modern and full of history; day trips to the Mekong Delta"
kualalumpur,Kuala Lumpur,MY,Kuala Lumpur,,,city;food;culture,5,2,3,5,1.05,1,"Petronas Towers, hawker food and a mix of Malay, Chinese and Indian culture"
georgetown,George Town,MY,George Town,,,history;food;culture,5,2,3,5,0.95,1,"Penang's colonial old town: street art and Malaysia's best food"
melaka,Melaka,MY,Malacca,,,history;food,4,1,2,3,0.95,0,"Historic trading port with Dutch, Portuguese and Peranakan heritage"
cameronhighlands,Cameron Highlands,MY,Tanah Rata,4.4720,101.3770,nature;hiking,3,2,2,4,0.9,0,"Cool hill station with tea plantations and jungle trails"
langkawi,Langkawi,MY,Kuah,6.3247,99.8433,beach;nature,4,2,3,5,1.0,0,"Duty-free island with beaches, mangroves and a cable car"
singapore,Singapore,SG,Singapore,,,city;food;culture,5,2,3,5,1.0,0,"Spotless city-state of hawker centres, gardens and skyscrapers"
phnompenh,Phnom Penh,KH,Phnom Penh,,,city;history;food,4,2,3,4,1.0,1,"Riverside capital: royal palace, markets and sobering Khmer Rouge history"
siemreap,Siem Reap,KH,Siem Reap,,,history;culture,5,2,3,5,1.0,0,"Gateway to the temples of Angkor"
battambang,Battambang,KH,Battambang,,,culture;history,3,1,2,3,0.85,0,"Relaxed colonial town; bamboo train and countryside"
kampot,Kampot,KH,Kampot,,,nature,3,2,3,5,0.85,0,"Riverside town famous for pepper farms and Bokor Mountain"
