iso2,dormBed,privateRoom,mealCheap,mealMid,localTransportDay,bread,eggs12,milk1l,rice1kg,chicken1kg,tomatoes1kg,beer05,water15
AL,13,30,6,15,2,0.6,2.5,1.1,1.5,4.5,1.2,1.0,0.4
ME,16,40,8,18,2,0.8,2.8,1.1,1.6,5.0,1.5,1.1,0.5
BA,14,32,6,14,1.5,0.6,2.3,0.9,1.4,4.5,1.3,0.9,0.4
RS,14,35,7,16,2,0.7,2.6,1.2,1.6,5.0,1.3,1.0,0.5
XK,12,28,5,12,1,0.5,2.2,1.0,1.3,4.0,1.0,1.0,0.4
MK,12,28,5,13,1.5,0.5,2.2,0.9,1.4,4.2,1.0,0.9,0.4
HR,25,60,12,25,3,1.3,3.2,1.2,2.0,6.5,2.2,1.4,0.7
SI,25,60,12,25,3,1.5,3.3,1.2,2.0,7.0,2.5,1.3,0.6
GR,25,55,10,20,3,1.2,3.5,1.5,2.0,6.5,2.0,1.3,0.5
BG,14,35,7,15,2,0.8,2.6,1.3,1.8,5.0,2.0,1.0,0.5
RO,15,38,8,17,2,0.8,2.8,1.2,1.6,5.0,2.0,1.0,0.5
MD,11,28,6,13,1,0.5,2.0,0.9,1.3,3.8,1.2,0.9,0.4
HU,18,45,9,20,3,1.2,3.5,1.2,1.8,6.0,2.5,1.2,0.5
SK,18,45,9,18,2,1.3,3.0,1.1,1.8,6.0,2.5,1.1,0.5
CZ,20,50,9,18,3,1.4,3.2,1.0,1.9,6.5,3.0,0.9,0.5
PL,17,42,8,17,2.5,1.0,3.0,1.0,1.6,6.0,2.5,1.0,0.5
LT,18,45,9,18,2,1.2,3.0,1.1,1.8,6.0,2.5,1.2,0.6
LV,18,45,9,19,2.5,1.3,3.0,1.2,1.8,6.5,2.7,1.3,0.6
EE,20,50,10,20,2,1.5,3.3,1.2,2.0,7.0,3.0,1.5,0.7
RU,12,35,6,14,1.5,0.6,1.4,1.0,1.2,3.8,2.0,0.9,0.5
UA,10,25,5,11,0.5,0.5,1.5,0.9,1.2,3.5,1.5,0.9,0.4
BY,10,25,5,11,0.5,0.6,1.5,0.9,1.2,3.5,1.5,0.9,0.4
TW,20,50,4,12,3,1.6,2.8,2.8,2.5,7.0,3.0,1.6,0.8
JP,25,60,7,18,6,1.5,1.8,1.4,5.0,6.5,5.0,1.5,0.7
TH,9,22,2,8,2,1.2,1.8,1.5,1.2,2.8,1.2,1.6,0.4
VN,6,18,2,7,2,0.6,1.3,1.4,1.0,3.2,1.0,0.8,0.4
MY,9,25,2.5,9,2,1.0,1.8,1.8,1.2,2.8,1.5,3.5,0.5
SG,25,80,4,20,4,2.0,2.5,2.5,2.0,6.0,3.0,4.0,1.2
KH,6,18,2.5,8,3,0.7,1.7,2.2,1.0,3.0,1.2,0.8,0.5
